<?xml version="1.0" encoding="UTF-8"?>
<project xmlns="http://maven.apache.org/POM/4.0.0" xmlns:xsi="http://www.w3.org/2001/XMLSchema-instance" xsi:schemaLocation="http://maven.apache.org/POM/4.0.0 http://maven.apache.org/maven-v4_0_0.xsd">
  <modelVersion>4.0.0</modelVersion>
  <groupId>com.gameszaum.beacon</groupId>
  <artifactId>advanced-beacon</artifactId>
  <name>Advanced Beacon</name>
  <version>1.0-SNAPSHOT</version>
  <description>A advanced plugin that changes the structure and functionality of minecraft beacon.</description>
  <url>gameszaum.com</url>
  <build>
    <defaultGoal>clean package</defaultGoal>
    <resources>
      <resource>
        <filtering>true</filtering>
        <directory>src/main/resources</directory>
      </resource>
    </resources>
    <plugins>
      <plugin>
        <artifactId>maven-compiler-plugin</artifactId>
        <version>3.7.0</version>
        <configuration>
          <source>1.8</source>
          <target>1.8</target>
        </configuration>
      </plugin>
      <plugin>
        <artifactId>maven-shade-plugin</artifactId>
        <version>3.1.0</version>
        <executions>
          <execution>
            <phase>package</phase>
            <goals>
              <goal>shade</goal>
            </goals>
            <configuration>
              <minimizeJar>true</minimizeJar>
            </configuration>
          </execution>
        </executions>
      </plugin>
    </plugins>
  </build>
  <repositories>
    <repository>
      <id>spigotmc-repo</id>
      <url>https://hub.spigotmc.org/nexus/content/groups/public/</url>
    </repository>
    <repository>
      <id>sonatype</id>
      <url>https://oss.sonatype.org/content/groups/public/</url>
    </repository>
  </repositories>
  <dependencies>
    <dependency>
      <groupId>org.spigotmc</groupId>
      <artifactId>spigot-api</artifactId>
      <version>1.8.8-R0.1-SNAPSHOT</version>
      <scope>system</scope>
      <systemPath>D:/dependencies/spigot-1.8.8-R0.1-SNAPSHOT-latest.jar</systemPath>
    </dependency>
  </dependencies>
  <properties>
    <project.build.sourceEncoding>UTF-8</project.build.sourceEncoding>
  </properties>
</project>

