<?xml version="1.0" encoding="UTF-8"?>
<project xmlns="http://maven.apache.org/POM/4.0.0" xmlns:xsi="http://www.w3.org/2001/XMLSchema-instance" xsi:schemaLocation="http://maven.apache.org/POM/4.0.0 http://maven.apache.org/maven-v4_0_0.xsd">
  <modelVersion>4.0.0</modelVersion>
  <groupId>com.gameszaum.core</groupId>
  <artifactId>games-core</artifactId>
  <name>games-core</name>
  <version>1.1.1-SNAPSHOT</version>
  <description>A minecraft plugin core for personal and public projects.</description>
  <url>gameszaum.com</url>
  <build>
    <defaultGoal>clean install</defaultGoal>
    <resources>
      <resource>
        <filtering>true</filtering>
        <directory>src/main/resources</directory>
      </resource>
    </resources>
    <plugins>
      <plugin>
        <artifactId>maven-compiler-plugin</artifactId>
        <version>3.7.0</version>
        <configuration>
          <source>1.8</source>
          <target>1.8</target>
        </configuration>
      </plugin>
      <plugin>
        <artifactId>maven-shade-plugin</artifactId>
        <version>3.1.0</version>
        <executions>
          <execution>
            <phase>package</phase>
            <goals>
              <goal>shade</goal>
            </goals>
            <configuration>
              <minimizeJar>true</minimizeJar>
            </configuration>
          </execution>
        </executions>
      </plugin>
    </plugins>
  </build>
  <repositories>
    <repository>
      <id>bungeecord-repo</id>
      <url>https://mvnrepository.com/artifact/net.md-5/bungeecord-api</url>
    </repository>
    <repository>
      <id>spigot-repo</id>
      <url>https://hub.spigotmc.org/nexus/content/repositories/snapshots/</url>
    </repository>
    <repository>
      <id>jitpack.io</id>
      <url>https://jitpack.io</url>
    </repository>
  </repositories>
  <dependencies>
    <dependency>
      <groupId>net.md-5</groupId>
      <artifactId>bungeecord-api</artifactId>
      <version>1.16-R0.3</version>
      <scope>provided</scope>
      <exclusions>
        <exclusion>
          <artifactId>bungeecord-chat</artifactId>
          <groupId>net.md-5</groupId>
        </exclusion>
        <exclusion>
          <artifactId>bungeecord-config</artifactId>
          <groupId>net.md-5</groupId>
        </exclusion>
        <exclusion>
          <artifactId>bungeecord-event</artifactId>
          <groupId>net.md-5</groupId>
        </exclusion>
        <exclusion>
          <artifactId>bungeecord-protocol</artifactId>
          <groupId>net.md-5</groupId>
        </exclusion>
        <exclusion>
          <artifactId>netty-transport-native-unix-common</artifactId>
          <groupId>io.netty</groupId>
        </exclusion>
        <exclusion>
          <artifactId>snakeyaml</artifactId>
          <groupId>org.yaml</groupId>
        </exclusion>
        <exclusion>
          <artifactId>guava</artifactId>
          <groupId>com.google.guava</groupId>
        </exclusion>
      </exclusions>
    </dependency>
    <dependency>
      <groupId>org.spigotmc</groupId>
      <artifactId>spigot-api</artifactId>
      <version>1.8.8-R0.1-SNAPSHOT</version>
      <scope>system</scope>
      <systemPath>D:/dependencies/spigot-1.8.8-R0.1-SNAPSHOT-latest.jar</systemPath>
    </dependency>
  </dependencies>
  <properties>
    <project.build.sourceEncoding>UTF-8</project.build.sourceEncoding>
    <project.reporting.outputEncoding>UTF-8</project.reporting.outputEncoding>
  </properties>
</project>

